cdr,vgene
GYTFTEYT|FYPGSGSI|ARHEERYAMDY,IGHV1-62
GGSMSGHY|MRGAGGRWVAPVSGGGDAP|AKVIPELVAGLDS,IGHV3-23
GFTFSDYS|ISSSSDYI|ARSRSVSNYKGMDV,IGHV3-21
GFTFSSYE|ISSSGSTI|ARAGEMRYMDV,IGHV3-48
GFTFSNYA|ITGSGGST|VKGSGGSRPYYFDY,IGHV3-23
GYSFTSYW|IYPGDSDT|ARRRAFDI,IGHV5-51
GYTFTTYW|INPSSGYT|TRDRIDY,IGHV1-7
GFTFSSYG|ISNSGGST|AKTYHSSRAHYYYYYYMDV,IGHV3-23
GYTFTSYW|IDPSDSYT|ARSYYGSSYYFDY,IGHV1-69
GGTFSSYA|ISGSGGST|ANTNIAADY,IGHV3-23
GSSITSGYY|ISYDGSN|SRDAPSIYYDYDWFAD,IGHV3-6
GYTFTGYW|ILPGSGST|ARRGD,IGHV1-9
GGTFSSYA|INPNSGGT|ASEGEGSGYLRENDAFDI,IGHV1-2
GGSFSSNNYY|IFYSGST|ARDVCSGANCYEGFDY,IGHV4-39
GGSISSYY|IFYSGST|ARHKDQGGWEPMTNWFDP,IGHV4-59
GGSFTGGHYY|IYHSGST|ARVASTDWGEGPFDY,IGHV4-30
EYEFPSHD|INSDGGST|ARHGNYYFDY,IGHV5-2
GSTFSSYG|ISSGGSYT|ARQEYGYDRWYFDV,IGHV5-6
GFTFSSYA|IGGSGGGA|AKDLGLAASGMRYYFDH,IGHV3-23
GFTFSSYA|ISVRAATI|AKDFPHHYETSHGMDL,IGHV3-48
GGSTSSSNY|IKQDGSEK|ASLLSGSNQINDY,IGHV3-7
GSTFTGYW|ILPGSGSP|ARRDDDVGD,IGHV1-9
EFIFSNYW|IKQDGSET|ARGSSNTGFAY,IGHV3-7
GYSLTRYG|IWAGGST|ARSKYPARY,IGHV2-9
GGSFSSYY|IYYSGNT|AVALRYPIHFDY,IGHV4-59
GSTFSDYG|ISSGSSTI|ARNWERAYAMDY,IGHV5-17
GGSFSSYGYY|MHNSATT|ARFRLGVERSDY,IGHV4-31
GGSISSGGYY|IYYSGST|ARVLGGARSGGYSILHFDY,IGHV4-31
GFTFSSYA|VRASGVGT|AQVRPPSGSGWYGGDDY,IGHV3-23
GGSFSSNSAA|TYYRSKWYN|ARGGWGIFGVAVYYYGMDV,IGHV6-1
GGSFSSSNW|IFHSGST|ARLVYDDLHYFDY,IGHV4-4
GGSFSSYY|INHSGST|ARPRSKYCSSTSCRGMDV,IGHV4-34
GSTFTSYW|IDPNSGGT|ARYGNLYYFDY,IGHV1-72
GYTFTSYT|INPSSGYT|ARSGRSLRDPYFDY,IGHV1-4
GYSFTSYW|IYPGDSDT|AKIDRTYCSRSSCYALDY,IGHV5-51
GFTFRNYA|ISWNGDNI|AKDVGHVERNPDS,IGHV3-9
GGTFSSYA|INTYNGNT|ARDPSPSYYYDSSGYYRYYFDY,IGHV1-18
GYSITSDYA|ISYSGST|ARWGTTVLGPLDS,IGHV3-2
GGSFSSYY|ISYSGST|ARALTGTTGYFDC,IGHV4-59
EFPLRNYW|INQYASEK|ARDVEVAGIRDS,IGHV3-7
GFTFSSYS|ISYDGSNK|ARDFSTYYDSSSFYGDSCFDY,IGHV3-30
GYAFSSYW|IYPGDGDT|ARSPSYVYDRNYAMDY,IGHV1-80
GGSFSSYY|IYTSGST|ARDTVPNYYYGMDV,IGHV4-4
GYIFTSYW|IYPGTVNT|AREEALYYFDY,IGHV1-132
GSTFSSYG|ISSGGSYT|AREGGSGYHFAY,IGHV5-6
GSTFTSYW|FDPNSGGT|ARSGSSFDY,IGHV1-72
GVNFSSYS|ISTTSDYI|ERGGVYSQGFDY,IGHV3-21
GYTFTGYY|MNPNSGNT|ARESGFYGSGSRY,IGHV1-8
GFTFSNYA|ISSGGSYT|ASESRTMITHYFDY,IGHV5-9
GGTFSSYA|IIPIFGTA|ARVVYSRSSPSGFDP,IGHV1-69
GGTFSSYA|IYPGDSDA|ARLRGSGTLYSGVDY,IGHV5-51
GGSIGSYY|SHSGGST|ARATRPYFDY,IGHV3-66
GVNFRNYE|ITSSGGPK|ARSKVAMGFDH,IGHV3-48
GGSFSSYY|IYYSGRT|AREVALGYSAYDGYFDY,IGHV4-59
GGSFSSYY|INHSGST|ASEAVEMATTPNWFDP,IGHV4-34
GGSFSSRPYY|IYTSGST|AGFMHSNYYDVTGHPTRPFDF,IGHV4-61
GHTFTTYY|INPSGDGT|AKETPSTGWFDP,IGHV1-46
GFSLTSYA|IWTGGGT|ARIYYGNYWYFDV,IGHV2-9
GGSFSSYY|IYYSGNT|ARCIAAAGGYFDY,IGHV4-59
GSSITSGYF|IRYDGSN|ANYDDYAMDY,IGHV3-6
GFNIKDTY|IDPANGNT|ARDYWDEFAY,IGHV14-3
GVNIKNTY|IDPANGNT|TPYDGSYFDH,IGHV14-3
GVSFKDSW|IKSKKERLTT|TTDPRY,IGHV3-15
GSTFTDYA|ISTYYGNT|ARRGPYDYDPFAY,IGHV1-67
GFTFSSYS|ISSSSSYI|ARDLLYYDSSGGDY,IGHV3-21
GGSFSSSGYY|FYYSGSI|AKGDGGYPSDS,IGHV4-39
GSSITSGYY|ISYDGSN|TRVSKYSMDY,IGHV3-6
GGTFSSYA|IYPGDSDT|ASPQILTTVVTPNAFDI,IGHV5-51
GGSITSGTYY|IYSSGDT|ARSRGTIYRADVFDI,IGHV4-31
GVPFSGYS|ISSSSSSI|ARDAGLAAPDY,IGHV3-21
GGTFSSYA|INPSGGST|ARWDSSSSGYTY,IGHV1-46
GGSFSSRSHY|VYYSGNT|ARHEAYCSGDTCFSNTNGFGR,IGHV4-39
GGSINNDYC|IYNSQIT|AKGIDAYKVGNL,IGHV4-38
GFTFSHFA|ISYDGKKN|VRGSKIRGVIPEGEFDY,IGHV3-30
GVRFSSYE|IGSSGTST|ARVGYTWNLFDY,IGHV3-48
GYTFTGYY|INPNSGGT|ARAGDCGNLA,IGHV1-2
GFRFRNYA|ISYDGNEK|SKDGHYRVGGLEY,IGHV3-30
GGTFSSYA|IIPIFGTA|ARDLLEYSSSSFFDH,IGHV1-81
GVSMSTFGMG|IYWDDDK|ARTLYYDYAMDY,IGHV8-12
GYTFTDYN|INPNNGGT|ARGTGTGAMDY,IGHV1-18
GVDFSRYW|INPDSSTI|ASHPTVVVDYAMDY,IGHV4-1
GGTFSSYA|ISGSGGST|AKSREGIFGVVTAYYFDY,IGHV3-23
GFTFSSSG|ISYDGSNK|AKDNTYYYGSGSYYFYFDY,IGHV3-30
GGSISSGSHY|IYYSGNS|ARLSYGSGSHYNFYFDF,IGHV4-39
GFIFSNYG|ISNDGGGT|AKGSSGYFFDL,IGHV3-23
GYTFTDYY|INPNNGGT|ARYYYGSSWYFDV,IGHV1-26
GSTFTSYT|INPSSGYT|AIGGTMSLGSDY,IGHV1-4
GFTFSNAW|IKSKTDGGTT|TTAGPHESFDY,IGHV3-15
GYAFTDYA|ISTYSGNT|SRYSTATDAMDY,IGHV1-137
GVSLNDKD|IDPIFGIA|VREVAGKFGL,IGHV1-7
GGTFSNNA|IIPIFGPA|ARSKYDGFGGNYYYDMDV,IGHV1-81
GGSINSGDYY|IKQDGSEK|ARGTIRTAYFNS,IGHV3-7
GGSFSSYY|IYTSGST|ASYSSSYQFDY,IGHV4-59
GGSLSSRSYY|ISSSSSYI|ARETNLLLRGSAFDI,IGHV3-21
GSTFPSYW|IDPNSGGT|ARRGYGRDYWYFDV,IGHV1-72
GFTFSSYA|ISGSGGST|ARGSGDY,IGHV3-23
GGSTSSSRYY|ISGSGGST|ANTRGAVAGDRGY,IGHV3-23
GFTFSTYA|ISSDGDYT|ARSPYGIFAY,IGHV5-9
GSEVFPIAY|ILPSIGRT|ARKRDYYGSSYDWYFDV,IGHV15-2